/inm X,/inm Y,/inp X,/inp Y,/pout2 X,/pout2 Y,/pout1 X,/pout1 Y,/CLK X,/CLK Y,/M0/S X,/M0/S Y
0,3.9,0,4,0,1.423692806296786,0,1.662458125924891,0,0,0,5.908786887400438e-05
3.6e-11,3.9,3.6e-11,4,3.6e-11,1.423694365768848,3.6e-11,1.662458024413409,3.6e-11,0,3.6e-11,5.908786107446208e-05
1.08e-10,3.9,1.08e-10,4,1.08e-10,1.423695478661626,1.08e-10,1.6624571898014,1.08e-10,0,1.08e-10,5.908786746407012e-05
2.52e-10,3.9,2.52e-10,4,2.52e-10,1.42369757656518,2.52e-10,1.662454742913456,2.52e-10,0,2.52e-10,5.908787620103446e-05
5.399999999999999e-10,3.9,5.399999999999999e-10,4,5.399999999999999e-10,1.423720644023896,5.399999999999999e-10,1.662434134974408,5.399999999999999e-10,0,5.399999999999999e-10,5.90879312914754e-05
1.116e-09,3.9,1.116e-09,4,1.116e-09,1.423545365777969,1.116e-09,1.662584718469095,1.116e-09,0,1.116e-09,5.908751554603693e-05
1.666666666666667e-09,3.9,1.666666666666667e-09,4,1.666666666666667e-09,1.424573901352523,1.666666666666667e-09,1.661702015717767,1.666666666666667e-09,0,1.666666666666667e-09,5.908995711687971e-05
1.697916666666667e-09,3.9,1.697916666666667e-09,3.9875,1.697916666666667e-09,1.425672572073866,1.697916666666667e-09,1.661581126337285,1.697916666666667e-09,0,1.697916666666667e-09,5.909013018664288e-05
1.760416666666666e-09,3.9,1.760416666666666e-09,3.9625,1.760416666666666e-09,1.43316072415056,1.760416666666666e-09,1.66154027536548,1.760416666666666e-09,0,1.760416666666666e-09,5.9088635565847e-05
1.882457762085438e-09,3.9,1.882457762085438e-09,3.913683561832491,1.882457762085438e-09,1.462879311735245,1.882457762085438e-09,1.671125408936836,1.882457762085438e-09,0,1.882457762085438e-09,5.904165139766479e-05
1.995682082357519e-09,3.9,1.995682082357519e-09,3.868393833723659,1.995682082357519e-09,1.482828992341561,1.995682082357519e-09,1.71245476003388,1.995682082357519e-09,0,1.995682082357519e-09,5.888376109391255e-05
2.081174374512093e-09,3.9,2.081174374512093e-09,3.83419691686183,2.081174374512093e-09,1.470094225693173,2.081174374512093e-09,1.783283748183559,2.081174374512093e-09,0,2.081174374512093e-09,5.864305167785259e-05
2.166666666666667e-09,3.9,2.166666666666667e-09,3.8,2.166666666666667e-09,1.405384301930535,2.166666666666667e-09,1.907221364028718,2.166666666666667e-09,0,2.166666666666667e-09,5.823257330405594e-05
2.196953440787254e-09,3.9,2.196953440787254e-09,3.8,2.196953440787254e-09,1.35598076871579,2.196953440787254e-09,1.972273472462919,2.196953440787254e-09,0,2.196953440787254e-09,5.801791813210821e-05
2.257526989028429e-09,3.9,2.257526989028429e-09,3.8,2.257526989028429e-09,1.221680981280924,2.257526989028429e-09,2.120810271235826,2.257526989028429e-09,0,2.257526989028429e-09,5.750346114972901e-05
2.342471174497993e-09,3.9,2.342471174497993e-09,3.8,2.342471174497993e-09,0.9291903324635656,2.342471174497993e-09,2.36850898241794,2.342471174497993e-09,0,2.342471174497993e-09,5.668854284076869e-05
2.421235587248996e-09,3.9,2.421235587248996e-09,3.8,2.421235587248996e-09,0.6388657318124955,2.421235587248996e-09,2.590902375255986,2.421235587248996e-09,0,2.421235587248996e-09,5.590658014537946e-05
2.460617793624498e-09,3.9,2.460617793624498e-09,3.8,2.460617793624498e-09,0.5297733056617155,2.460617793624498e-09,2.689084087133938,2.460617793624498e-09,0,2.460617793624498e-09,5.546934697854931e-05
2.5e-09,3.9,2.5e-09,3.8,2.5e-09,0.4472758827111986,2.5e-09,2.785210444613988,2.5e-09,0,2.5e-09,5.471480165699599e-05
2.510066329422692e-09,3.9,2.510066329422692e-09,3.8,2.510066329422692e-09,0.4415065707235651,2.510066329422692e-09,2.827497874994125,2.510066329422692e-09,0.1006632942269218,2.510066329422692e-09,5.394645758859654e-05
2.527473248641595e-09,3.9,2.527473248641595e-09,3.8,2.527473248641595e-09,0.4312342731713607,2.527473248641595e-09,2.90089000343581,2.527473248641595e-09,0.2747324864159481,2.527473248641595e-09,5.282141829904308e-05
2.543306852191668e-09,3.9,2.543306852191668e-09,3.8,2.543306852191668e-09,0.4209277728946992,2.543306852191668e-09,2.967540678431944,2.543306852191668e-09,0.4330685219166772,2.543306852191668e-09,5.132309348436737e-05
2.574974059291814e-09,3.9,2.574974059291814e-09,3.8,2.574974059291814e-09,0.3972888262746878,2.574974059291814e-09,3.096869819725505,2.574974059291814e-09,0.7497405929181354,2.574974059291814e-09,4.639151023019482e-05
2.607396042673797e-09,3.9,2.607396042673797e-09,3.8,2.607396042673797e-09,0.3747666542777471,2.607396042673797e-09,3.226082609033285,2.607396042673797e-09,1.073960426737972,2.607396042673797e-09,3.943452686462376e-05
2.672240009437765e-09,3.9,2.672240009437765e-09,3.8,2.672240009437765e-09,0.302359745216632,2.672240009437765e-09,3.377778336601389,2.672240009437765e-09,1.722400094377646,2.672240009437765e-09,3.063441752249343e-05
2.718755103257477e-09,3.9,2.718755103257477e-09,3.8,2.718755103257477e-09,0.2270787438741057,2.718755103257477e-09,3.309041807375309,2.718755103257477e-09,2.187551032574772,2.718755103257477e-09,3.386960686290657e-05
2.765089648056786e-09,3.9,2.765089648056786e-09,3.8,2.765089648056786e-09,0.1613446025355361,2.765089648056786e-09,3.05547800801785,2.765089648056786e-09,2.650896480567859,2.765089648056786e-09,4.27759616524217e-05
2.799237151472357e-09,3.9,2.799237151472357e-09,3.8,2.799237151472357e-09,0.1260530715834076,2.799237151472357e-09,2.749362110404471,2.799237151472357e-09,2.992371514723573,2.799237151472357e-09,4.961203196969643e-05
2.838577531818232e-09,3.9,2.838577531818232e-09,3.8,2.838577531818232e-09,0.0919874306213735,2.838577531818232e-09,2.28840005174286,2.838577531818232e-09,3.385775318182317,2.838577531818232e-09,5.547363350845926e-05
2.868057326943082e-09,3.9,2.868057326943082e-09,3.8,2.868057326943082e-09,0.05924887092247803,2.868057326943082e-09,1.867309140890504,2.868057326943082e-09,3.68057326943082,2.868057326943082e-09,5.689516385058932e-05
2.911188254330142e-09,3.9,2.911188254330142e-09,3.8,2.911188254330142e-09,0.02816300024000436,2.911188254330142e-09,1.257982782868596,2.911188254330142e-09,4.111882543301416,2.911188254330142e-09,5.821072578543978e-05
2.941990168377122e-09,3.9,2.941990168377122e-09,3.8,2.941990168377122e-09,0.03249396887291883,2.941990168377122e-09,0.885539689990703,2.941990168377122e-09,4.419901683771219,2.941990168377122e-09,5.737010522579793e-05
2.970995084188561e-09,3.9,2.970995084188561e-09,3.8,2.970995084188561e-09,0.05231474824222501,2.970995084188561e-09,0.6062231952752016,2.970995084188561e-09,4.709950841885607,2.970995084188561e-09,5.710782619289766e-05
3e-09,3.9,3e-09,3.8,3e-09,0.0639072280688423,3e-09,0.4218413926404621,3e-09,4.999999999999999,3e-09,5.549631997203248e-05
3.01097574100126e-09,3.9,3.01097574100126e-09,3.8,3.01097574100126e-09,0.050203636599062,3.01097574100126e-09,0.3599933093926083,3.01097574100126e-09,5,3.01097574100126e-09,5.578795528665542e-05
3.025884101999222e-09,3.9,3.025884101999222e-09,3.8,3.025884101999222e-09,0.03557903752411506,3.025884101999222e-09,0.286639332684011,3.025884101999222e-09,5,3.025884101999222e-09,5.53607718392544e-05
3.039698722609028e-09,3.9,3.039698722609028e-09,3.8,3.039698722609028e-09,0.02609617460572567,3.039698722609028e-09,0.2351323795587481,3.039698722609028e-09,5,3.039698722609028e-09,5.483842154801226e-05
3.067327963828641e-09,3.9,3.067327963828641e-09,3.8,3.067327963828641e-09,0.01410868399115387,3.067327963828641e-09,0.1646169127617869,3.067327963828641e-09,5,3.067327963828641e-09,5.337590348555023e-05
3.104562523550221e-09,3.9,3.104562523550221e-09,3.8,3.104562523550221e-09,0.006500470049531405,3.104562523550221e-09,0.1118369600839839,3.104562523550221e-09,5,3.104562523550221e-09,4.875020863470025e-05
3.148841768288831e-09,3.9,3.148841768288831e-09,3.8,3.148841768288831e-09,0.002704443102702497,3.148841768288831e-09,0.07704171210088041,3.148841768288831e-09,5,3.148841768288831e-09,3.734311678299037e-05
3.197262226053064e-09,3.9,3.197262226053064e-09,3.8,3.197262226053064e-09,0.0009427117713639723,3.197262226053064e-09,0.05044482894696675,3.197262226053064e-09,5,3.197262226053064e-09,2.465323990475541e-05
3.258319724392378e-09,3.9,3.258319724392378e-09,3.8,3.258319724392378e-09,0.0001093367634496638,3.258319724392378e-09,0.02755520994885767,3.258319724392378e-09,5,3.258319724392378e-09,1.456176325954907e-05
3.332923263998679e-09,3.9,3.332923263998679e-09,3.8,3.332923263998679e-09,-0.0001053710340556245,3.332923263998679e-09,0.01280391888680153,3.332923263998679e-09,5,3.332923263998679e-09,7.141068409970509e-06
3.409341103422931e-09,3.9,3.409341103422931e-09,3.8,3.409341103422931e-09,-8.974704656858682e-05,3.409341103422931e-09,0.00600859604813263,3.409341103422931e-09,5,3.409341103422931e-09,3.58264917094097e-06
3.508726203621049e-09,3.9,3.508726203621049e-09,3.8,3.508726203621049e-09,-5.263717974483725e-05,3.508726203621049e-09,0.002105494721018478,3.508726203621049e-09,5,3.508726203621049e-09,1.015001235726011e-06
3.647737866117219e-09,3.9,3.647737866117219e-09,3.8,3.647737866117219e-09,-1.585877534476839e-05,3.647737866117219e-09,0.0004187548483893262,3.647737866117219e-09,5,3.647737866117219e-09,4.100803616937813e-07
3.828485289350814e-09,3.9,3.828485289350814e-09,3.8,3.828485289350814e-09,-2.226597438937906e-06,3.828485289350814e-09,9.323209067985463e-06,3.828485289350814e-09,5,3.828485289350814e-09,-2.009637792113198e-07
4.093965385091418e-09,3.9,4.093965385091418e-09,3.8,4.093965385091418e-09,7.226332487381053e-07,4.093965385091418e-09,-3.662523246079907e-06,4.093965385091418e-09,5,4.093965385091418e-09,1.983936863914353e-07
4.517457732828977e-09,3.9,4.517457732828977e-09,3.8,4.517457732828977e-09,-4.522516978639688e-07,4.517457732828977e-09,-2.743375536262823e-06,4.517457732828977e-09,5,4.517457732828977e-09,-2.066138554898432e-07
5.237457732828977e-09,3.9,5.237457732828977e-09,3.8,5.237457732828977e-09,3.890239314528845e-07,5.237457732828977e-09,2.928564767510281e-06,5.237457732828977e-09,5,5.237457732828977e-09,2.089862373993142e-07
5.957457732828977e-09,3.9,5.957457732828977e-09,3.8,5.957457732828977e-09,-3.389929347092085e-07,5.957457732828977e-09,-2.445577317595057e-06,5.957457732828977e-09,5,5.957457732828977e-09,-2.100874516849106e-07
6.677457732828977e-09,3.9,6.677457732828977e-09,3.8,6.677457732828977e-09,2.99160392206208e-07,6.677457732828977e-09,1.726722637020745e-06,6.677457732828977e-09,5,6.677457732828977e-09,2.110988163542759e-07
7.397457732828977e-09,3.9,7.397457732828977e-09,3.8,7.397457732828977e-09,-2.59310947952006e-07,7.397457732828977e-09,-9.344837133292398e-07,7.397457732828977e-09,5,7.397457732828977e-09,-2.117326219297951e-07
8e-09,3.9,8e-09,3.8,8e-09,2.177607769819484e-07,8e-09,7.435588253856507e-08,8e-09,5,8e-09,2.122008950881065e-07
8.035336281509493e-09,3.9,8.035336281509493e-09,3.8,8.035336281509493e-09,-0.03622303529331318,8.035336281509493e-09,-0.03586092406403427,8.035336281509493e-09,4.646637184905079,8.035336281509493e-09,2.800960444982308e-06
8.088470512379863e-09,3.9,8.088470512379863e-09,3.8,8.088470512379863e-09,-0.07407663307768356,8.088470512379863e-09,-0.07369856231242808,8.088470512379863e-09,4.115294876201371,8.088470512379863e-09,5.899854883871202e-06
8.138439098334868e-09,3.9,8.138439098334868e-09,3.8,8.138439098334868e-09,-0.09545906396847938,8.138439098334868e-09,-0.09540917447142507,8.138439098334868e-09,3.615609016651325,8.138439098334868e-09,1.273708226931699e-05
8.186255726109301e-09,3.9,8.186255726109301e-09,3.8,8.186255726109301e-09,-0.0831922465339527,8.186255726109301e-09,-0.0841051930066537,8.186255726109301e-09,3.137442738906995,8.186255726109301e-09,2.454604928295175e-05
8.251250930074318e-09,3.9,8.251250930074318e-09,3.8,8.251250930074318e-09,-0.02550289466744438,8.251250930074318e-09,-0.02887434095263269,8.251250930074318e-09,2.487490699256826,8.251250930074318e-09,4.354363742500726e-05
8.336429671202449e-09,3.9,8.336429671202449e-09,3.8,8.336429671202449e-09,0.09723288108505632,8.336429671202449e-09,0.09481337189972061,8.336429671202449e-09,1.635703287975518,8.336429671202449e-09,5.85454542745835e-05
8.432349216277936e-09,3.9,8.432349216277936e-09,3.8,8.432349216277936e-09,0.4517277931593772,8.432349216277936e-09,0.4731791436320568,8.432349216277936e-09,0.676507837220643,8.432349216277936e-09,5.981997826388165e-05
8.466174608138968e-09,3.9,8.466174608138968e-09,3.8,8.466174608138968e-09,0.6441100784203997,8.466174608138968e-09,0.6851589185404825,8.466174608138968e-09,0.3382539186103246,8.466174608138968e-09,6.015831367653609e-05
8.5e-09,3.9,8.5e-09,3.8,8.5e-09,0.8441215765370103,8.5e-09,0.9106458154193686,8.5e-09,5.329070518200751e-15,8.5e-09,6.030320928977603e-05
8.512088515516365e-09,3.9,8.512088515516365e-09,3.8,8.512088515516365e-09,0.9264431370882019,8.512088515516365e-09,1.001433052254962,8.512088515516365e-09,0,8.512088515516365e-09,6.002264069323085e-05
8.528472997828713e-09,3.9,8.528472997828713e-09,3.8,8.528472997828713e-09,1.032923511955892,8.528472997828713e-09,1.119286803551101,8.528472997828713e-09,0,8.528472997828713e-09,5.975929068939355e-05
8.543563401566609e-09,3.9,8.543563401566609e-09,3.8,8.543563401566609e-09,1.119875796272762,8.543563401566609e-09,1.22095867458123,8.543563401566609e-09,0,8.543563401566609e-09,5.952009020023874e-05
8.573744209042402e-09,3.9,8.573744209042402e-09,3.8,8.573744209042402e-09,1.257346879028441,8.573744209042402e-09,1.400014800655117,8.573744209042402e-09,0,8.573744209042402e-09,5.918836176512619e-05
8.610199473722531e-09,3.9,8.610199473722531e-09,3.8,8.610199473722531e-09,1.362281448532632,8.610199473722531e-09,1.57481839705376,8.610199473722531e-09,0,8.610199473722531e-09,5.880742195304575e-05
8.665369737802411e-09,3.9,8.665369737802411e-09,3.8,8.665369737802411e-09,1.413985819998841,8.665369737802411e-09,1.777699259820835,8.665369737802411e-09,0,8.665369737802411e-09,5.836327902399247e-05
8.725623352973992e-09,3.9,8.725623352973992e-09,3.8,8.725623352973992e-09,1.357649682272744,8.725623352973992e-09,1.959263360397945,8.725623352973992e-09,0,8.725623352973992e-09,5.787458600903799e-05
8.791285557058873e-09,3.9,8.791285557058873e-09,3.8,8.791285557058873e-09,1.19503932436782,8.791285557058873e-09,2.155942254719696,8.791285557058873e-09,0,8.791285557058873e-09,5.732520787499983e-05
8.86420974648784e-09,3.9,8.86420974648784e-09,3.8,8.86420974648784e-09,0.9230441102109208,8.86420974648784e-09,2.382426223255178,8.86420974648784e-09,0,8.86420974648784e-09,5.659503948582183e-05
8.946213112031447e-09,3.9,8.946213112031447e-09,3.8,8.946213112031447e-09,0.6187407914265617,8.946213112031447e-09,2.614233013509523,8.946213112031447e-09,0,8.946213112031447e-09,5.58198797783362e-05
9.012336652640598e-09,3.9,9.012336652640598e-09,3.8,9.012336652640598e-09,0.4552934947629746,9.012336652640598e-09,2.777229063293402,9.012336652640598e-09,0,9.012336652640598e-09,5.482216036818576e-05
9.080892628780263e-09,3.9,9.080892628780263e-09,3.8,9.080892628780263e-09,0.3544323385647603,9.080892628780263e-09,2.943359279742029,9.080892628780263e-09,0,9.080892628780263e-09,5.189970342278009e-05
9.186059069675702e-09,3.9,9.186059069675702e-09,3.8,9.186059069675702e-09,0.268542481647876,9.186059069675702e-09,3.194626652978505,9.186059069675702e-09,0,9.186059069675702e-09,4.100467292871994e-05
9.276539186068245e-09,3.9,9.276539186068245e-09,3.8,9.276539186068245e-09,0.2226445474113663,9.276539186068245e-09,3.405452256313254,9.276539186068245e-09,0,9.276539186068245e-09,3.023970101464198e-05
9.389776060037482e-09,3.9,9.389776060037482e-09,3.8,9.389776060037482e-09,0.1708038142641594,9.389776060037482e-09,3.662635581010337,9.389776060037482e-09,0,9.389776060037482e-09,1.841436914046351e-05
9.520962116828243e-09,3.9,9.520962116828243e-09,3.8,9.520962116828243e-09,0.117700093954209,9.520962116828243e-09,3.949607596057327,9.520962116828243e-09,0,9.520962116828243e-09,6.39272330652426e-06
9.664570813797237e-09,3.9,9.664570813797237e-09,3.8,9.664570813797237e-09,0.07097846997624363,9.664570813797237e-09,4.238072527524822,9.664570813797237e-09,0,9.664570813797237e-09,-2.194716231148687e-07
9.825287954451982e-09,3.9,9.825287954451982e-09,3.8,9.825287954451982e-09,0.03767838164084947,9.825287954451982e-09,4.5088852139017,9.825287954451982e-09,0,9.825287954451982e-09,-7.550771463166105e-07
1.000065650605264e-08,3.9,1.000065650605264e-08,3.8,1.000065650605264e-08,0.01993009503850674,1.000065650605264e-08,4.707317707556443,1.000065650605264e-08,0,1.000065650605264e-08,-5.200094763251939e-07
1.019829352497245e-08,3.9,1.019829352497245e-08,3.8,1.019829352497245e-08,0.01108090386483625,1.019829352497245e-08,4.841474963010572,1.019829352497245e-08,0,1.019829352497245e-08,-2.515880539866676e-08
1.036347564820524e-08,3.9,1.036347564820524e-08,3.8,1.036347564820524e-08,0.006649491022450715,1.036347564820524e-08,4.905590912486509,1.036347564820524e-08,0,1.036347564820524e-08,-3.894377137804362e-07
1.061374195943149e-08,3.9,1.061374195943149e-08,3.8,1.061374195943149e-08,0.003055101617117255,1.061374195943149e-08,4.958536548800517,1.061374195943149e-08,0,1.061374195943149e-08,2.046152176028128e-07
1.088332843168671e-08,3.9,1.088332843168671e-08,3.8,1.088332843168671e-08,0.001328245617170797,1.088332843168671e-08,4.983096535293743,1.088332843168671e-08,0,1.088332843168671e-08,-2.988582892253137e-07
1.123250265550024e-08,3.9,1.123250265550024e-08,3.8,1.123250265550024e-08,0.0004740154029795765,1.123250265550024e-08,4.995086561417294,1.123250265550024e-08,0,1.123250265550024e-08,2.702921679334386e-07
1.165348268650626e-08,3.9,1.165348268650626e-08,3.8,1.165348268650626e-08,0.0001636434997710973,1.165348268650626e-08,4.998932368916676,1.165348268650626e-08,0,1.165348268650626e-08,-2.812407406336471e-07
1.216666666666667e-08,3.9,1.216666666666667e-08,3.8,1.216666666666667e-08,7.893692749518877e-05,1.216666666666667e-08,4.999838447104838,1.216666666666667e-08,0,1.216666666666667e-08,2.809635464995403e-07
1.235727119082115e-08,3.9,1.235727119082115e-08,3.876241809661794,1.235727119082115e-08,0.0006691962431889012,1.235727119082115e-08,5.004139445805191,1.235727119082115e-08,0,1.235727119082115e-08,-7.922456815529775e-09
1.25e-08,3.9,1.25e-08,3.933333333333333,1.25e-08,0.0005806997550433147,1.25e-08,5.007358925137932,1.25e-08,0,1.25e-08,-9.533984748038201e-09
1.252306470848566e-08,3.9,1.252306470848566e-08,3.942559216727597,1.252306470848566e-08,0.01921430649442842,1.252306470848566e-08,5.053085983370555,1.252306470848566e-08,0.2306470848565751,1.252306470848566e-08,-1.531086516339031e-07
1.256307072595785e-08,3.9,1.256307072595785e-08,3.958561623716472,1.256307072595785e-08,0.03665966493540295,1.256307072595785e-08,5.122578917307143,1.256307072595785e-08,0.6307072595784712,1.256307072595785e-08,-5.957364975221268e-07
1.259771805294874e-08,3.9,1.259771805294874e-08,3.972420554512829,1.259771805294874e-08,0.04189804571391601,1.259771805294874e-08,5.176981985102677,1.259771805294874e-08,0.9771805294873898,1.259771805294874e-08,-6.033449711744935e-07
1.26321923598077e-08,3.9,1.26321923598077e-08,3.986210277256415,1.26321923598077e-08,0.05835141286561711,1.26321923598077e-08,5.214556541751954,1.26321923598077e-08,1.321923598077036,1.26321923598077e-08,-5.993492813869177e-07
1.266666666666667e-08,3.9,1.266666666666667e-08,4,1.266666666666667e-08,0.06093331869076247,1.266666666666667e-08,5.193956428498613,1.266666666666667e-08,1.666666666666648,1.266666666666667e-08,-2.578129507683494e-07
1.268733145782094e-08,3.9,1.268733145782094e-08,4,1.268733145782094e-08,0.05327840052141279,1.268733145782094e-08,5.137022395476857,1.268733145782094e-08,1.873314578209373,1.268733145782094e-08,1.558469384920408e-07
1.272866104012948e-08,3.9,1.272866104012948e-08,4,1.272866104012948e-08,0.03522493721830659,1.272866104012948e-08,4.969570371725717,1.272866104012948e-08,2.28661040129479,1.272866104012948e-08,1.915524066802731e-06
1.276916574002061e-08,3.9,1.276916574002061e-08,4,1.276916574002061e-08,0.01469551712816458,1.276916574002061e-08,4.698876360885855,1.276916574002061e-08,2.691657400206049,1.276916574002061e-08,1.439044348542385e-06
1.281771205924796e-08,3.9,1.281771205924796e-08,4,1.281771205924796e-08,-0.01048944358643682,1.281771205924796e-08,4.177688449926619,1.281771205924796e-08,3.177120592479603,1.281771205924796e-08,5.886549127660528e-06
1.286737564274973e-08,3.9,1.286737564274973e-08,4,1.286737564274973e-08,-0.0241761066766763,1.286737564274973e-08,3.45643324630656,1.286737564274973e-08,3.673756427497295,1.286737564274973e-08,3.404050727447872e-05
1.287714346727595e-08,3.9,1.287714346727595e-08,4,1.287714346727595e-08,-0.0261937119443024,1.287714346727595e-08,3.286047863262634,1.287714346727595e-08,3.771434672759492,1.287714346727595e-08,3.875787997740934e-05
1.289597679013287e-08,3.9,1.289597679013287e-08,4,1.289597679013287e-08,-0.03022080017367677,1.289597679013287e-08,2.931313433108345,1.289597679013287e-08,3.959767901328684,1.289597679013287e-08,5.419283976410335e-05
1.291333583695678e-08,3.9,1.291333583695678e-08,4,1.291333583695678e-08,-0.03628416787471187,1.291333583695678e-08,2.577874289893784,1.291333583695678e-08,4.13335836956785,1.291333583695678e-08,5.926476238570372e-05
1.292568839907968e-08,3.9,1.292568839907968e-08,4,1.292568839907968e-08,-0.0424115187156046,1.292568839907968e-08,2.313776346403653,1.292568839907968e-08,4.256883990796754,1.292568839907968e-08,6.279074028826313e-05
1.293410478197698e-08,3.9,1.293410478197698e-08,4,1.293410478197698e-08,-0.04669616019591057,1.293410478197698e-08,2.13202322190397,1.293410478197698e-08,4.34104781976978,1.293410478197698e-08,6.020041309179924e-05
1.294315174950246e-08,3.9,1.294315174950246e-08,4,1.294315174950246e-08,-0.05008203346933483,1.294315174950246e-08,1.941977692768153,1.294315174950246e-08,4.431517495024548,1.294315174950246e-08,6.266095743797307e-05
1.295183946814276e-08,3.9,1.295183946814276e-08,4,1.295183946814276e-08,-0.05145719495350026,1.295183946814276e-08,1.768890802246673,1.295183946814276e-08,4.518394681427565,1.295183946814276e-08,5.9585769222998e-05
1.295933587150756e-08,3.9,1.295933587150756e-08,4,1.295933587150756e-08,-0.05136600190804364,1.295933587150756e-08,1.628077650670981,1.295933587150756e-08,4.593358715075559,1.295933587150756e-08,6.198000838274342e-05
1.296996974945492e-08,3.9,1.296996974945492e-08,4,1.296996974945492e-08,-0.04972033690554026,1.296996974945492e-08,1.442091046363221,1.296996974945492e-08,4.69969749454924,1.296996974945492e-08,5.885157536952347e-05
1.298498487472746e-08,3.9,1.298498487472746e-08,4,1.298498487472746e-08,-0.04488522941824784,1.298498487472746e-08,1.206326851413875,1.298498487472746e-08,4.849848747274626,1.298498487472746e-08,6.105836189733448e-05
1.3e-08,3.9,1.3e-08,4,1.3e-08,-0.03552272573255726,1.3e-08,0.9977367091768357,1.3e-08,4.999999999999979,1.3e-08,5.800061138687112e-05
1.300898611928236e-08,3.9,1.300898611928236e-08,4,1.300898611928236e-08,-0.04027409451049033,1.300898611928236e-08,0.8737964877099045,1.300898611928236e-08,5,1.300898611928236e-08,5.9447818124359e-05
1.301953867373026e-08,3.9,1.301953867373026e-08,4,1.301953867373026e-08,-0.04008685161011257,1.301953867373026e-08,0.7339848241111618,1.301953867373026e-08,5,1.301953867373026e-08,5.933141448264847e-05
1.302967251076865e-08,3.9,1.302967251076865e-08,4,1.302967251076865e-08,-0.0372937200979612,1.302967251076865e-08,0.6194910267683029,1.302967251076865e-08,5,1.302967251076865e-08,5.890564783959288e-05
1.304742960795717e-08,3.9,1.304742960795717e-08,4,1.304742960795717e-08,-0.03175054357634778,1.304742960795717e-08,0.4616486482609516,1.304742960795717e-08,5,1.304742960795717e-08,5.84196499171769e-05
1.307530683999955e-08,3.9,1.307530683999955e-08,4,1.307530683999955e-08,-0.02365577945352527,1.307530683999955e-08,0.2974565540613764,1.307530683999955e-08,5,1.307530683999955e-08,5.747197049383308e-05
1.310766356604935e-08,3.9,1.310766356604935e-08,4,1.310766356604935e-08,-0.01610879367106953,1.310766356604935e-08,0.190642154677405,1.310766356604935e-08,5,1.310766356604935e-08,5.67631568185388e-05
1.314270554317284e-08,3.9,1.314270554317284e-08,4,1.314270554317284e-08,-0.01032911184157848,1.314270554317284e-08,0.1313206859119491,1.314270554317284e-08,5,1.314270554317284e-08,5.583958857621019e-05
1.318240045004891e-08,3.9,1.318240045004891e-08,4,1.318240045004891e-08,-0.006175902804637464,1.318240045004891e-08,0.09907735938591589,1.318240045004891e-08,5,1.318240045004891e-08,5.496004173157221e-05
1.323049549809577e-08,3.9,1.323049549809577e-08,4,1.323049549809577e-08,-0.003352387113062717,1.323049549809577e-08,0.08153256859072654,1.323049549809577e-08,5,1.323049549809577e-08,5.289274675315111e-05
1.329181431747582e-08,3.9,1.329181431747582e-08,4,1.329181431747582e-08,-0.001749449488385096,1.329181431747582e-08,0.06630781263744616,1.329181431747582e-08,5,1.329181431747582e-08,4.112549007472665e-05
1.335408910030695e-08,3.9,1.335408910030695e-08,4,1.335408910030695e-08,-0.001277121145479609,1.335408910030695e-08,0.04488610176727678,1.335408910030695e-08,5,1.335408910030695e-08,2.36236449310796e-05
1.342162196736237e-08,3.9,1.342162196736237e-08,4,1.342162196736237e-08,-0.0009382188183727229,1.342162196736237e-08,0.02398395652996886,1.342162196736237e-08,5,1.342162196736237e-08,1.298240027193509e-05
1.350228427746037e-08,3.9,1.350228427746037e-08,4,1.350228427746037e-08,-0.0005094962341480293,1.350228427746037e-08,0.01046667679769166,1.350228427746037e-08,5,1.350228427746037e-08,5.762364628437397e-06
1.357897801959054e-08,3.9,1.357897801959054e-08,4,1.357897801959054e-08,-0.0002521641658073657,1.357897801959054e-08,0.004893127719167617,1.357897801959054e-08,5,1.357897801959054e-08,2.954483062873076e-06
1.367882391466575e-08,3.9,1.367882391466575e-08,4,1.367882391466575e-08,-0.0001004438018867685,1.367882391466575e-08,0.001685066176957084,1.367882391466575e-08,5,1.367882391466575e-08,7.419482594238979e-07
1.383031566842665e-08,3.9,1.383031566842665e-08,4,1.383031566842665e-08,-1.935892168145568e-05,1.383031566842665e-08,0.0002591031038768309,1.383031566842665e-08,5,1.383031566842665e-08,3.43396375894535e-07
1.402069985253712e-08,3.9,1.402069985253712e-08,4,1.402069985253712e-08,-1.869062749624824e-06,1.402069985253712e-08,-2.281843909875819e-06,1.402069985253712e-08,5,1.402069985253712e-08,-2.185600644928443e-07
1.432690971296749e-08,3.9,1.432690971296749e-08,4,1.432690971296749e-08,4.497202756464404e-07,1.432690971296749e-08,-7.611599584738012e-06,1.432690971296749e-08,5,1.432690971296749e-08,2.023908267715406e-07
1.479549674621298e-08,3.9,1.479549674621298e-08,4,1.479549674621298e-08,-1.434021442456196e-07,1.479549674621298e-08,5.607954123603397e-06,1.479549674621298e-08,5,1.479549674621298e-08,-1.940302405305439e-07
1.551549674621297e-08,3.9,1.551549674621297e-08,4,1.551549674621297e-08,4.452427353574624e-08,1.551549674621297e-08,-3.927937137001428e-06,1.551549674621297e-08,5,1.551549674621297e-08,1.930195242007631e-07
1.623549674621297e-08,3.9,1.623549674621297e-08,4,1.623549674621297e-08,4.025080299281738e-09,1.623549674621297e-08,2.218236874812074e-06,1.623549674621297e-08,5,1.623549674621297e-08,-1.899052764751153e-07
1.695549674621297e-08,3.9,1.695549674621297e-08,4,1.695549674621297e-08,-2.565504779116431e-08,1.695549674621297e-08,-7.603949267476048e-07,1.695549674621297e-08,5,1.695549674621297e-08,1.899077899194503e-07
1.747774837310648e-08,3.9,1.747774837310648e-08,4,1.747774837310648e-08,2.714505628004347e-08,1.747774837310648e-08,-9.665959147757064e-08,1.747774837310648e-08,5,1.747774837310648e-08,-1.891757097273863e-07
1.8e-08,3.9,1.8e-08,4,1.8e-08,-2.364846563559838e-08,1.8e-08,2.95105944005005e-07,1.8e-08,5,1.8e-08,1.88011893423832e-07
1.80340630590334e-08,3.9,1.80340630590334e-08,4,1.80340630590334e-08,-0.03576713875095737,1.80340630590334e-08,-0.0351039808417795,1.80340630590334e-08,4.659369409665997,1.80340630590334e-08,2.814385061218814e-06
1.808667122472583e-08,3.9,1.808667122472583e-08,4,1.808667122472583e-08,-0.07421697968773797,1.808667122472583e-08,-0.07295335480648443,1.808667122472583e-08,4.13328775274169,1.808667122472583e-08,5.708239100504336e-06
1.813674148547066e-08,3.9,1.813674148547066e-08,4,1.813674148547066e-08,-0.09704868995574356,1.813674148547066e-08,-0.09542431673810814,1.813674148547066e-08,3.632585145293437,1.813674148547066e-08,1.247608925895019e-05
1.818429231269606e-08,3.9,1.818429231269606e-08,4,1.818429231269606e-08,-0.08962498090843685,1.818429231269606e-08,-0.0871402294655045,1.818429231269606e-08,3.15707687303944,1.818429231269606e-08,2.420101726022173e-05
1.825131287458438e-08,3.9,1.825131287458438e-08,4,1.825131287458438e-08,-0.04368319621252122,1.825131287458438e-08,-0.03995276317917754,1.825131287458438e-08,2.48687125415616,1.825131287458438e-08,4.398866156889324e-05
1.832854111360636e-08,3.9,1.832854111360636e-08,4,1.832854111360636e-08,0.04060304754554742,1.832854111360636e-08,0.03507135163262505,1.832854111360636e-08,1.71458886393644,1.832854111360636e-08,5.843337996568286e-05
1.84166078471954e-08,3.9,1.84166078471954e-08,4,1.84166078471954e-08,0.2652433546865116,1.84166078471954e-08,0.2146351728657224,1.84166078471954e-08,0.8339215280460177,1.84166078471954e-08,6.02672438302917e-05
1.84583039235977e-08,3.9,1.84583039235977e-08,4,1.84583039235977e-08,0.4583886233301196,1.84583039235977e-08,0.3695374036493401,1.84583039235977e-08,0.416960764023024,1.84583039235977e-08,6.047388312447921e-05
1.85e-08,3.9,1.85e-08,4,1.85e-08,0.6677282464265993,1.85e-08,0.5339463264113367,1.85e-08,0,1.85e-08,6.099013042335836e-05
1.851332762804239e-08,3.9,1.851332762804239e-08,4,1.851332762804239e-08,0.7503983823779202,1.851332762804239e-08,0.6003768098661187,1.851332762804239e-08,0,1.851332762804239e-08,6.067267209120706e-05
1.85321591651803e-08,3.9,1.85321591651803e-08,4,1.85321591651803e-08,0.8650577355314313,1.85321591651803e-08,0.6927821365074358,1.85321591651803e-08,0,1.85321591651803e-08,6.039474540056249e-05
1.854937155252538e-08,3.9,1.854937155252538e-08,4,1.854937155252538e-08,0.9636977050096587,1.854937155252538e-08,0.773186877952695,1.854937155252538e-08,0,1.854937155252538e-08,6.031587799577111e-05
1.858379632721554e-08,3.9,1.858379632721554e-08,4,1.858379632721554e-08,1.138734487513472,1.858379632721554e-08,0.9144905650889164,1.858379632721554e-08,0,1.858379632721554e-08,6.011217468694932e-05
1.862925757844773e-08,3.9,1.862925757844773e-08,4,1.862925757844773e-08,1.336294221818952,1.862925757844773e-08,1.040814195816387,1.862925757844773e-08,0,1.862925757844773e-08,6.007853971155603e-05
1.868768541104973e-08,3.9,1.868768541104973e-08,4,1.868768541104973e-08,1.54442847517378,1.868768541104973e-08,1.101746691762917,1.868768541104973e-08,0,1.868768541104973e-08,6.00423491182393e-05
1.875257383304755e-08,3.9,1.875257383304755e-08,4,1.875257383304755e-08,1.731537679428869,1.875257383304755e-08,1.059324246688139,1.875257383304755e-08,0,1.875257383304755e-08,6.025498571559799e-05
1.881855541591289e-08,3.9,1.881855541591289e-08,4,1.881855541591289e-08,1.897828841045936,1.881855541591289e-08,0.9185297482812899,1.881855541591289e-08,0,1.881855541591289e-08,6.043831617863411e-05
1.889702511621066e-08,3.9,1.889702511621066e-08,4,1.889702511621066e-08,2.075526188138999,1.889702511621066e-08,0.6750375161160794,1.889702511621066e-08,0,1.889702511621066e-08,6.063549766975996e-05
1.897780493219284e-08,3.9,1.897780493219284e-08,4,1.897780493219284e-08,2.225685986980571,1.897780493219284e-08,0.4563087401879976,1.897780493219284e-08,0,1.897780493219284e-08,6.042767490083188e-05
1.904530090940709e-08,3.9,1.904530090940709e-08,4,1.904530090940709e-08,2.336278058167975,1.904530090940709e-08,0.3355544847539583,1.904530090940709e-08,0,1.904530090940709e-08,6.026814867540111e-05
1.913680790410031e-08,3.9,1.913680790410031e-08,4,1.913680790410031e-08,2.485524401161972,1.913680790410031e-08,0.2401902079308032,1.913680790410031e-08,0,1.913680790410031e-08,5.991383608559313e-05
1.9251278011832e-08,3.9,1.9251278011832e-08,4,1.9251278011832e-08,2.676696747338013,1.9251278011832e-08,0.1831952165821224,1.9251278011832e-08,0,1.9251278011832e-08,5.960871711719172e-05
1.936900166616904e-08,3.9,1.936900166616904e-08,4,1.936900166616904e-08,2.8762286513608,1.936900166616904e-08,0.1563121085290971,1.936900166616904e-08,0,1.936900166616904e-08,5.916039273674805e-05
1.950896655321031e-08,3.9,1.950896655321031e-08,4,1.950896655321031e-08,3.112225727508971,1.950896655321031e-08,0.1381992109863386,1.950896655321031e-08,0,1.950896655321031e-08,5.874047199200288e-05
1.969079217547919e-08,3.9,1.969079217547919e-08,4,1.969079217547919e-08,3.411492028969609,1.969079217547919e-08,0.121990127480203,1.969079217547919e-08,0,1.969079217547919e-08,5.799145046362514e-05
1.995294886575526e-08,3.9,1.995294886575526e-08,4,1.995294886575526e-08,3.809710332862742,1.995294886575526e-08,0.0931719016929681,1.995294886575526e-08,0,1.995294886575526e-08,5.69508441590958e-05
2.01429135201903e-08,3.9,2.01429135201903e-08,4,2.01429135201903e-08,4.081450661686066,2.01429135201903e-08,0.06627387367929993,2.01429135201903e-08,0,2.01429135201903e-08,5.562469735448568e-05
2.021342998586879e-08,3.9,2.021342998586879e-08,4,2.021342998586879e-08,4.181891911888235,2.021342998586879e-08,0.05659948782662551,2.021342998586879e-08,0,2.021342998586879e-08,5.469708074178099e-05
2.035446291722577e-08,3.9,2.035446291722577e-08,4,2.035446291722577e-08,4.381304310507101,2.035446291722577e-08,0.04112582241358983,2.035446291722577e-08,0,2.035446291722577e-08,4.872871337186152e-05
2.051149276195265e-08,3.9,2.051149276195265e-08,4,2.051149276195265e-08,4.573660864301841,2.051149276195265e-08,0.02744941168368489,2.051149276195265e-08,0,2.051149276195265e-08,3.715445318676926e-05
2.071073817539776e-08,3.9,2.071073817539776e-08,4,2.071073817539776e-08,4.748019877364402,2.071073817539776e-08,0.01552701541941915,2.071073817539776e-08,0,2.071073817539776e-08,2.363340724056874e-05
2.094159619347762e-08,3.9,2.094159619347762e-08,4,2.094159619347762e-08,4.867608578774005,2.094159619347762e-08,0.008538119610913386,2.094159619347762e-08,0,2.094159619347762e-08,1.332465528982272e-05
2.118669245652263e-08,3.9,2.118669245652263e-08,4,2.118669245652263e-08,4.934811483717603,2.118669245652263e-08,0.004274579558231027,2.118669245652263e-08,0,2.118669245652263e-08,6.547211620158427e-06
2.142667956159465e-08,3.9,2.142667956159465e-08,4,2.142667956159465e-08,4.967746214300026,2.142667956159465e-08,0.002210273814908664,2.142667956159465e-08,0,2.142667956159465e-08,3.439653817502249e-06
2.166666666666667e-08,3.9,2.166666666666667e-08,4,2.166666666666667e-08,4.984043518694271,2.166666666666667e-08,0.001156914948182918,2.166666666666667e-08,0,2.166666666666667e-08,1.556511668398138e-06
2.168229166666667e-08,3.9,2.168229166666667e-08,3.993749999999999,2.168229166666667e-08,4.984660904286729,2.168229166666667e-08,0.001103304372854427,2.168229166666667e-08,0,2.168229166666667e-08,1.580059063636633e-06
2.171354166666667e-08,3.9,2.171354166666667e-08,3.981249999999998,2.171354166666667e-08,4.985869534903954,2.171354166666667e-08,0.001005707197757722,2.171354166666667e-08,0,2.171354166666667e-08,1.453072990194348e-06
2.177604166666668e-08,3.9,2.177604166666668e-08,3.956249999999997,2.177604166666668e-08,4.988083560791306,2.177604166666668e-08,0.0008570745419226791,2.177604166666668e-08,0,2.177604166666668e-08,1.229032937894962e-06
2.190104166666669e-08,3.9,2.190104166666669e-08,3.906249999999993,2.190104166666669e-08,4.991637229952267,2.190104166666669e-08,0.0006470471663317396,2.190104166666669e-08,0,2.190104166666669e-08,8.701754816565903e-07
2.203385416666668e-08,3.9,2.203385416666668e-08,3.853124999999995,2.203385416666668e-08,4.994284243696087,2.203385416666668e-08,0.0004787493498179922,2.203385416666668e-08,0,2.203385416666668e-08,5.969612786716319e-07
2.216666666666667e-08,3.9,2.216666666666667e-08,3.8,2.216666666666667e-08,4.996080463201605,2.216666666666667e-08,0.0003517275194617405,2.216666666666667e-08,0,2.216666666666667e-08,4.080550750421898e-07
2.228251782599792e-08,3.9,2.228251782599792e-08,3.8,2.228251782599792e-08,4.997125187046771,2.228251782599792e-08,0.0002906911221712962,2.228251782599792e-08,0,2.228251782599792e-08,3.03265754377976e-07
2.239125891299896e-08,3.9,2.239125891299896e-08,3.8,2.239125891299896e-08,4.99790153677257,2.239125891299896e-08,0.0002294852902410219,2.239125891299896e-08,0,2.239125891299896e-08,2.196415675197748e-07
2.25e-08,3.9,2.25e-08,3.8,2.25e-08,4.998431218604598,2.25e-08,0.0001804947024249907,2.25e-08,0,2.25e-08,1.617527177233498e-07
2.251560985659658e-08,3.9,2.251560985659658e-08,3.8,2.251560985659658e-08,5.030634350959899,2.251560985659658e-08,0.01509522252440719,2.251560985659658e-08,0.1560985659658058,2.251560985659658e-08,-8.550541426315985e-07
2.254682956978974e-08,3.9,2.254682956978974e-08,3.8,2.254682956978974e-08,5.089192903420918,2.254682956978974e-08,0.03263039164526806,2.254682956978974e-08,0.4682956978974173,2.254682956978974e-08,-8.086330431431976e-06
2.257578453081435e-08,3.9,2.257578453081435e-08,3.8,2.257578453081435e-08,5.136127006415008,2.257578453081435e-08,0.03741025310376736,2.257578453081435e-08,0.7578453081435315,2.257578453081435e-08,-1.479526436213651e-05
2.261667938488159e-08,3.9,2.261667938488159e-08,3.8,2.261667938488159e-08,5.193251619058504,2.261667938488159e-08,0.04912542583212986,2.261667938488159e-08,1.166793848815908,2.261667938488159e-08,-2.111640207006842e-05
2.265661105515296e-08,3.9,2.265661105515296e-08,3.8,2.265661105515296e-08,5.196156935349481,2.265661105515296e-08,0.06057802694489593,2.265661105515296e-08,1.566110551529566,2.265661105515296e-08,-2.767453561828229e-05
2.27037231059859e-08,3.9,2.27037231059859e-08,3.8,2.27037231059859e-08,5.081118953041229,2.27037231059859e-08,0.04803631399849804,2.27037231059859e-08,2.037231059859049,2.27037231059859e-08,-2.763627768426191e-05
2.275416853521777e-08,3.9,2.275416853521777e-08,3.8,2.275416853521777e-08,4.80004340444678,2.275416853521777e-08,0.02220670098423774,2.275416853521777e-08,2.54168535217773,2.275416853521777e-08,-2.057894403992002e-05
2.283080221404326e-08,3.9,2.283080221404326e-08,3.8,2.283080221404326e-08,3.963693117973532,2.283080221404326e-08,-0.01571728310260207,2.283080221404326e-08,3.308022140432649,2.283080221404326e-08,-2.400575788771169e-06
2.284531815934766e-08,3.9,2.284531815934766e-08,3.8,2.284531815934766e-08,3.756549383534963,2.284531815934766e-08,-0.01921489914862002,2.284531815934766e-08,3.453181593476592,2.284531815934766e-08,6.454092019870764e-06
2.285988466395721e-08,3.9,2.285988466395721e-08,3.8,2.285988466395721e-08,3.528459877852605,2.285988466395721e-08,-0.02222938368613359,2.285988466395721e-08,3.598846639572121,2.285988466395721e-08,1.271641272885671e-06
2.287645166290628e-08,3.9,2.287645166290628e-08,3.8,2.287645166290628e-08,3.244852101146013,2.287645166290628e-08,-0.0258197417007212,2.287645166290628e-08,3.764516629062761,2.287645166290628e-08,7.339721104881184e-06
2.289256149469596e-08,3.9,2.289256149469596e-08,3.8,2.289256149469596e-08,2.9448356143379,2.289256149469596e-08,-0.02919292544745071,2.289256149469596e-08,3.925614946959588,2.289256149469596e-08,-1.200765652714283e-06
2.291410951354185e-08,3.9,2.291410951354185e-08,3.8,2.291410951354185e-08,2.510537866747135,2.291410951354185e-08,-0.03623466830588584,2.291410951354185e-08,4.14109513541853,2.291410951354185e-08,2.943888793999392e-06
2.292412498458304e-08,3.9,2.292412498458304e-08,3.8,2.292412498458304e-08,2.299334829326934,2.292412498458304e-08,-0.04090921359342223,2.292412498458304e-08,4.241249845830387,2.292412498458304e-08,-3.271176852930131e-06
2.293201942586493e-08,3.9,2.293201942586493e-08,3.8,2.293201942586493e-08,2.132872979994981,2.293201942586493e-08,-0.04449391478114912,2.293201942586493e-08,4.320194258649349,2.293201942586493e-08,4.297390494646768e-06
2.293992018654372e-08,3.9,2.293992018654372e-08,3.8,2.293992018654372e-08,1.969971362700371,2.293992018654372e-08,-0.0474707674234283,2.293992018654372e-08,4.399201865437206,2.293992018654372e-08,-5.28478453179173e-06
2.294672517633566e-08,3.9,2.294672517633566e-08,3.8,2.294672517633566e-08,1.835120334492762,2.294672517633566e-08,-0.04898676918147746,2.294672517633566e-08,4.467251763356621,2.294672517633566e-08,3.254325835443977e-06
2.295411632851472e-08,3.9,2.295411632851472e-08,3.8,2.295411632851472e-08,1.695840874202093,2.295411632851472e-08,-0.0494745834667301,2.295411632851472e-08,4.541163285147199,2.295411632851472e-08,-5.83287792194202e-06
2.296565899732048e-08,3.9,2.296565899732048e-08,3.8,2.296565899732048e-08,1.49379803419935,2.296565899732048e-08,-0.04832908601870593,2.296565899732048e-08,4.65658997320477,2.296565899732048e-08,2.632518011673694e-06
2.298515177418953e-08,3.9,2.298515177418953e-08,3.8,2.298515177418953e-08,1.194260551631404,2.298515177418953e-08,-0.04240890091122032,2.298515177418953e-08,4.851517741895324,2.298515177418953e-08,-7.026574582391334e-06
2.3e-08,3.9,2.3e-08,3.8,2.3e-08,0.9961242099890825,2.3e-08,-0.03312754825158168,2.3e-08,5,2.3e-08,1.153063409182121e-06
2.300893603746687e-08,3.9,2.300893603746687e-08,3.8,2.300893603746687e-08,0.8770709775881078,2.300893603746687e-08,-0.0379121856555572,2.300893603746687e-08,5,2.300893603746687e-08,-4.39148669233661e-06
2.301982650386097e-08,3.9,2.301982650386097e-08,3.8,2.301982650386097e-08,0.7383132800184838,2.301982650386097e-08,-0.03811523452012103,2.301982650386097e-08,5,2.301982650386097e-08,-3.15203111595184e-06
2.302994148297634e-08,3.9,2.302994148297634e-08,3.8,2.302994148297634e-08,0.6290260500109909,2.302994148297634e-08,-0.03568711265382634,2.302994148297634e-08,5,2.302994148297634e-08,-3.267941918689487e-06
2.304808902831913e-08,3.9,2.304808902831913e-08,3.8,2.304808902831913e-08,0.475614721124599,2.304808902831913e-08,-0.03052563903783644,2.304808902831913e-08,5,2.304808902831913e-08,-2.492518513767891e-06
2.307596801409997e-08,3.9,2.307596801409997e-08,3.8,2.307596801409997e-08,0.3198883103751068,2.307596801409997e-08,-0.0229570411842057,2.307596801409997e-08,5,2.307596801409997e-08,-2.665609566088537e-06
2.310828371518229e-08,3.9,2.310828371518229e-08,3.8,2.310828371518229e-08,0.2150868188337942,2.310828371518229e-08,-0.01586810006148694,2.310828371518229e-08,5,2.310828371518229e-08,-1.879474059536161e-06
2.3143053627943e-08,3.9,2.3143053627943e-08,3.8,2.3143053627943e-08,0.1469701424910876,2.3143053627943e-08,-0.01059021779986529,2.3143053627943e-08,5,2.3143053627943e-08,-1.966601848117633e-06
2.317972236518576e-08,3.9,2.317972236518576e-08,3.8,2.317972236518576e-08,0.09769054027679139,2.317972236518576e-08,-0.007078868143691402,2.317972236518576e-08,5,2.317972236518576e-08,-1.07707658449689e-06
2.322821268215223e-08,3.9,2.322821268215223e-08,3.8,2.322821268215223e-08,0.05518766518785307,2.322821268215223e-08,-0.004226873045141142,2.322821268215223e-08,5,2.322821268215223e-08,-1.088061497780207e-06
2.328578327532544e-08,3.9,2.328578327532544e-08,3.8,2.328578327532544e-08,0.02778371405491581,2.328578327532544e-08,-0.002271896916285486,2.328578327532544e-08,5,2.328578327532544e-08,-2.635742938261361e-07
2.334661377380314e-08,3.9,2.334661377380314e-08,3.8,2.334661377380314e-08,0.01356970114540905,2.334661377380314e-08,-0.001166390931723413,2.334661377380314e-08,5,2.334661377380314e-08,-5.084382409513875e-07
2.342401862554097e-08,3.9,2.342401862554097e-08,3.8,2.342401862554097e-08,0.005290346550275186,2.342401862554097e-08,-0.0004896009773057177,2.342401862554097e-08,5,2.342401862554097e-08,1.106024953222034e-07
2.352844113805763e-08,3.9,2.352844113805763e-08,3.8,2.352844113805763e-08,0.001342637315597126,2.352844113805763e-08,-0.0001399647703679255,2.352844113805763e-08,5,2.352844113805763e-08,-2.719336698180174e-07
2.366132267358248e-08,3.9,2.366132267358248e-08,3.8,2.366132267358248e-08,0.0001672101957306341,2.366132267358248e-08,-2.340196279701338e-05,2.366132267358248e-08,5,2.366132267358248e-08,2.268010706546738e-07
2.384859989400786e-08,3.9,2.384859989400786e-08,3.8,2.384859989400786e-08,-1.518924143863263e-05,2.384859989400786e-08,4.865660448685923e-07,2.384859989400786e-08,5,2.384859989400786e-08,-2.338171998666155e-07
2.4130804144268e-08,3.9,2.4130804144268e-08,3.8,2.4130804144268e-08,-2.777628044984756e-06,2.4130804144268e-08,-9.834230988315512e-08,2.4130804144268e-08,5,2.4130804144268e-08,2.338192072547215e-07
2.466598209015656e-08,3.9,2.466598209015656e-08,3.8,2.466598209015656e-08,4.181160777762e-06,2.466598209015656e-08,1.14133359490598e-07,2.466598209015656e-08,5,2.466598209015656e-08,-2.338160954931111e-07
2.538598209015656e-08,3.9,2.538598209015656e-08,3.8,2.538598209015656e-08,-4.354281641765034e-06,2.538598209015656e-08,-1.261091141313593e-07,2.538598209015656e-08,5,2.538598209015656e-08,2.338148740389124e-07
2.610598209015656e-08,3.9,2.610598209015656e-08,3.8,2.610598209015656e-08,4.191410071210699e-06,2.610598209015656e-08,1.37469813280164e-07,2.610598209015656e-08,5,2.610598209015656e-08,-2.338145199861501e-07
2.682598209015656e-08,3.9,2.682598209015656e-08,3.8,2.682598209015656e-08,-3.852767577350489e-06,2.682598209015656e-08,-1.401620064135962e-07,2.682598209015656e-08,5,2.682598209015656e-08,2.338145600323201e-07
2.741299104507828e-08,3.9,2.741299104507828e-08,3.8,2.741299104507828e-08,3.35178818675636e-06,2.741299104507828e-08,1.409529030821586e-07,2.741299104507828e-08,5,2.741299104507828e-08,-2.338146948448556e-07
2.8e-08,3.9,2.8e-08,3.8,2.8e-08,-2.837119211838419e-06,2.8e-08,-1.328015909628159e-07,2.8e-08,5,2.8e-08,2.33814681183476e-07
2.803572644469854e-08,3.9,2.803572644469854e-08,3.8,2.803572644469854e-08,-0.03643836392729506,2.803572644469854e-08,-0.03610519962148932,2.803572644469854e-08,4.642735553014568,2.803572644469854e-08,2.797739412328954e-06
2.809003362584992e-08,3.9,2.809003362584992e-08,3.8,2.809003362584992e-08,-0.07489535685442053,2.809003362584992e-08,-0.07452226212530744,2.809003362584992e-08,4.099663741500771,2.809003362584992e-08,6.05318118265038e-06
2.814192710746771e-08,3.9,2.814192710746771e-08,3.8,2.814192710746771e-08,-0.09565842997405495,2.814192710746771e-08,-0.09565572585859615,2.814192710746771e-08,3.580728925322899,2.814192710746771e-08,1.343747144218388e-05
2.819100101880252e-08,3.9,2.819100101880252e-08,3.8,2.819100101880252e-08,-0.08040645239250185,2.819100101880252e-08,-0.08144903803159499,2.819100101880252e-08,3.089989811974789,2.819100101880252e-08,2.60589921628026e-05
2.825525075797183e-08,3.9,2.825525075797183e-08,3.8,2.825525075797183e-08,-0.02086884508572652,2.825525075797183e-08,-0.02440010551347677,2.825525075797183e-08,2.447492420281725,2.825525075797183e-08,4.458562762894508e-05
2.833451658686293e-08,3.9,2.833451658686293e-08,3.8,2.833451658686293e-08,0.09336198265655032,2.833451658686293e-08,0.09091790069980853,2.833451658686293e-08,1.654834131370708,2.833451658686293e-08,5.862697155861066e-05
2.842943092660165e-08,3.9,2.842943092660165e-08,3.8,2.842943092660165e-08,0.4378985708343591,2.842943092660165e-08,0.4576346999402114,2.842943092660165e-08,0.705690733983487,2.842943092660165e-08,5.964372115822532e-05
2.846471546330083e-08,3.9,2.846471546330083e-08,3.8,2.846471546330083e-08,0.6379038228353672,2.846471546330083e-08,0.6774874193864744,2.846471546330083e-08,0.3528453669917422,2.846471546330083e-08,6.029309967610166e-05
2.85e-08,3.9,2.85e-08,3.8,2.85e-08,0.8463567829495899,2.85e-08,0.9124028674957319,2.85e-08,0,2.85e-08,6.015076034861177e-05
2.851255306937971e-08,3.9,2.851255306937971e-08,3.8,2.851255306937971e-08,0.9316507695012902,2.851255306937971e-08,1.006487041102991,2.851255306937971e-08,0,2.851255306937971e-08,6.001379886495526e-05
2.852964113031638e-08,3.9,2.852964113031638e-08,3.8,2.852964113031638e-08,1.041953637939824,2.852964113031638e-08,1.128900752428263,2.852964113031638e-08,0,2.852964113031638e-08,5.974117983594543e-05
2.854537827776724e-08,3.9,2.854537827776724e-08,3.8,2.854537827776724e-08,1.131265632107067,2.854537827776724e-08,1.234066829097721,2.854537827776724e-08,0,2.854537827776724e-08,5.949463370024026e-05
2.857685257266896e-08,3.9,2.857685257266896e-08,3.8,2.857685257266896e-08,1.270355434726646,2.857685257266896e-08,1.417802520927464,2.857685257266896e-08,0,2.857685257266896e-08,5.915480572937428e-05
2.861475811549624e-08,3.9,2.861475811549624e-08,3.8,2.861475811549624e-08,1.372325043717178,2.861475811549624e-08,1.594830007200873,2.861475811549624e-08,0,2.861475811549624e-08,5.876488830418074e-05
2.867126036098439e-08,3.9,2.867126036098439e-08,3.8,2.867126036098439e-08,1.414012518890125,2.867126036098439e-08,1.796992582766397,2.867126036098439e-08,0,2.867126036098439e-08,5.831682891603147e-05
2.873326189534173e-08,3.9,2.873326189534173e-08,3.8,2.873326189534173e-08,1.344534446322729,2.873326189534173e-08,1.981985293881605,2.873326189534173e-08,0,2.873326189534173e-08,5.78132098116578e-05
2.880016252548529e-08,3.9,2.880016252548529e-08,3.8,2.880016252548529e-08,1.166521904353937,2.880016252548529e-08,2.183626074353494,2.880016252548529e-08,0,2.880016252548529e-08,5.723973034767073e-05
2.887589593692202e-08,3.9,2.887589593692202e-08,3.8,2.887589593692202e-08,0.8756653503741153,2.887589593692202e-08,2.418117441693616,2.887589593692202e-08,0,2.887589593692202e-08,5.648089684571623e-05
2.896053141403964e-08,3.9,2.896053141403964e-08,3.8,2.896053141403964e-08,0.5774887062082122,2.896053141403964e-08,2.650374154855566,2.896053141403964e-08,0,2.896053141403964e-08,5.566584333714781e-05
2.902581431784908e-08,3.9,2.902581431784908e-08,3.8,2.902581431784908e-08,0.4315136392181731,2.902581431784908e-08,2.809820538374146,2.902581431784908e-08,0,2.902581431784908e-08,5.447683752734751e-05
2.91012157191267e-08,3.9,2.91012157191267e-08,3.8,2.91012157191267e-08,0.333381405946134,2.91012157191267e-08,2.992144737634523,2.91012157191267e-08,0,2.91012157191267e-08,5.03118304238216e-05
2.919734752110335e-08,3.9,2.919734752110335e-08,3.8,2.919734752110335e-08,0.2631052952519354,2.919734752110335e-08,3.221041759163701,2.919734752110335e-08,0,2.919734752110335e-08,3.961241043047117e-05
2.929374363035264e-08,3.9,2.929374363035264e-08,3.8,2.929374363035264e-08,0.2146233918160204,2.929374363035264e-08,3.444741453399346,2.929374363035264e-08,0,2.929374363035264e-08,2.837391214523161e-05
2.94099824392586e-08,3.9,2.94099824392586e-08,3.8,2.94099824392586e-08,0.1621370614297589,2.94099824392586e-08,3.707455434205972,2.94099824392586e-08,0,2.94099824392586e-08,1.636920798677149e-05
2.954557636886342e-08,3.9,2.954557636886342e-08,3.8,2.954557636886342e-08,0.1087907299351905,2.954557636886342e-08,4.0009744224502,2.954557636886342e-08,0,2.954557636886342e-08,4.694680546284587e-06
2.96969219911624e-08,3.9,2.96969219911624e-08,3.8,2.96969219911624e-08,0.0627852333676058,2.96969219911624e-08,4.298191630118059,2.96969219911624e-08,0,2.96969219911624e-08,-5.674525541843805e-07
2.986686847516479e-08,3.9,2.986686847516479e-08,3.8,2.986686847516479e-08,0.03200986827559085,2.986686847516479e-08,4.564208070817301,2.986686847516479e-08,0,2.986686847516479e-08,-8.40378109228224e-07
3.004977062115861e-08,3.9,3.004977062115861e-08,3.8,3.004977062115861e-08,0.01712441045545519,3.004977062115861e-08,4.74791692202751,3.004977062115861e-08,0,3.004977062115861e-08,-1.389554788854503e-07
3.025668046140446e-08,3.9,3.025668046140446e-08,3.8,3.025668046140446e-08,0.009246009897927556,3.025668046140446e-08,4.868227124749651,3.025668046140446e-08,0,3.025668046140446e-08,-3.850104937986358e-07
3.043119199828841e-08,3.9,3.043119199828841e-08,3.8,3.043119199828841e-08,0.005398723910390748,3.043119199828841e-08,4.924089518450732,3.043119199828841e-08,0,3.043119199828841e-08,7.113232303223732e-08
3.069186419725457e-08,3.9,3.069186419725457e-08,3.8,3.069186419725457e-08,0.002383648786086542,3.069186419725457e-08,4.968008167076705,3.069186419725457e-08,0,3.069186419725457e-08,-2.261787048249913e-07
3.098000677148227e-08,3.9,3.098000677148227e-08,3.8,3.098000677148227e-08,0.0009961657866295415,3.098000677148227e-08,4.987864180458129,3.098000677148227e-08,0,3.098000677148227e-08,1.586648644330984e-07
3.135881234733963e-08,3.9,3.135881234733963e-08,3.8,3.135881234733963e-08,0.0003271509726446276,3.135881234733963e-08,4.996927093822738,3.135881234733963e-08,0,3.135881234733963e-08,-1.801142003432682e-07
3.182623500028553e-08,3.9,3.182623500028553e-08,3.8,3.182623500028553e-08,0.0001219502888409856,3.182623500028553e-08,4.9994628225417,3.182623500028553e-08,0,3.182623500028553e-08,1.742380246093456e-07
3.216666666666667e-08,3.9,3.216666666666667e-08,3.8,3.216666666666667e-08,7.431400580620065e-05,3.216666666666667e-08,4.999787666940249,3.216666666666667e-08,0,3.216666666666667e-08,-1.744241112953783e-07
3.234043526563289e-08,3.9,3.234043526563289e-08,3.869507439586488,3.234043526563289e-08,0.0006847925713483184,3.234043526563289e-08,5.003781691996049,3.234043526563289e-08,0,3.234043526563289e-08,-7.458616401636168e-09
3.25e-08,3.9,3.25e-08,3.933333333333333,3.25e-08,0.0005548907434501751,3.25e-08,5.007358715863862,3.25e-08,0,3.25e-08,-9.744072142647794e-09
3.25241829875594e-08,3.9,3.25241829875594e-08,3.943006528357095,3.25241829875594e-08,0.01967878342725191,3.25241829875594e-08,5.055109231023877,3.25241829875594e-08,0.2418298755939832,3.25241829875594e-08,-1.648473352699508e-07
3.256604987706061e-08,3.9,3.256604987706061e-08,3.959753284157577,3.256604987706061e-08,0.03719849138129903,3.256604987706061e-08,5.127221274418675,3.256604987706061e-08,0.6604987706060385,3.256604987706061e-08,-6.061726892402004e-07
3.260338008907688e-08,3.9,3.260338008907688e-08,3.974685368964086,3.260338008907688e-08,0.0437446654104021,3.260338008907688e-08,5.185093043208862,3.260338008907688e-08,1.033800890768763,3.260338008907688e-08,-6.019694087408064e-07
3.263502337787178e-08,3.9,3.263502337787178e-08,3.987342684482044,3.263502337787178e-08,0.0593802942096375,3.263502337787178e-08,5.215627967364044,3.263502337787178e-08,1.350233778717722,3.263502337787178e-08,-5.974864183244844e-07
3.266666666666667e-08,3.9,3.266666666666667e-08,4,3.266666666666667e-08,0.06087773234102151,3.266666666666667e-08,5.193968035801189,3.266666666666667e-08,1.666666666666615,3.266666666666667e-08,-2.444364378415448e-07
3.26872375387925e-08,3.9,3.26872375387925e-08,4,3.26872375387925e-08,0.05326800593805681,3.26872375387925e-08,5.137365993670365,3.26872375387925e-08,1.872375387924893,3.26872375387925e-08,1.574597340799643e-07
3.272837928304415e-08,3.9,3.272837928304415e-08,4,3.272837928304415e-08,0.03534034803989417,3.272837928304415e-08,4.971170394328615,3.272837928304415e-08,2.283792830441447,3.272837928304415e-08,1.910876523226978e-06
3.276808385774993e-08,3.9,3.276808385774993e-08,4,3.276808385774993e-08,0.01521403464413529,3.276808385774993e-08,4.70766117888962,3.276808385774993e-08,2.680838577499285,3.276808385774993e-08,1.411341502150832e-06
3.281644317777146e-08,3.9,3.281644317777146e-08,4,3.281644317777146e-08,-0.009893457414690691,3.281644317777146e-08,4.194027040456567,3.281644317777146e-08,3.164431777714566,3.281644317777146e-08,5.60716840953049e-06
3.286625304536165e-08,3.9,3.286625304536165e-08,4,3.286625304536165e-08,-0.02398934495504008,3.286625304536165e-08,3.475384138138797,3.286625304536165e-08,3.662530453616411,3.286625304536165e-08,3.314976550875029e-05
3.287646335627662e-08,3.9,3.287646335627662e-08,4,3.287646335627662e-08,-0.02605565597525684,3.287646335627662e-08,3.298224752028398,3.287646335627662e-08,3.764633562766175,3.287646335627662e-08,3.838827200921931e-05
3.289553658266992e-08,3.9,3.289553658266992e-08,4,3.289553658266992e-08,-0.03013030255624528,3.289553658266992e-08,2.939976027929674,3.289553658266992e-08,3.955365826699112,3.289553658266992e-08,5.375595414540124e-05
3.291264146170309e-08,3.9,3.291264146170309e-08,4,3.291264146170309e-08,-0.03598549022071231,3.291264146170309e-08,2.592455892538018,3.291264146170309e-08,4.126414617030878,3.291264146170309e-08,5.928441059139893e-05
3.292505560665739e-08,3.9,3.292505560665739e-08,4,3.292505560665739e-08,-0.042074755469851,3.292505560665739e-08,2.32744930794232,3.292505560665739e-08,4.250556066573845,3.292505560665739e-08,6.262329446503317e-05
3.293352613888566e-08,3.9,3.293352613888566e-08,4,3.293352613888566e-08,-0.04641353262149232,3.293352613888566e-08,2.144415113295524,3.293352613888566e-08,4.335261388856533,3.293352613888566e-08,6.036626645918502e-05
3.29427588242737e-08,3.9,3.29427588242737e-08,4,3.29427588242737e-08,-0.04996874464587139,3.29427588242737e-08,1.950043950489085,3.29427588242737e-08,4.427588242736964,3.29427588242737e-08,6.251109552155846e-05
3.295113283869878e-08,3.9,3.295113283869878e-08,4,3.295113283869878e-08,-0.05140139192693927,3.295113283869878e-08,1.782563795108193,3.295113283869878e-08,4.511328386987693,3.295113283869878e-08,5.977673172791806e-05
3.295870366350065e-08,3.9,3.295870366350065e-08,4,3.295870366350065e-08,-0.05140729845145312,3.295870366350065e-08,1.639632894680913,3.295870366350065e-08,4.587036635006464,3.295870366350065e-08,6.184038319530322e-05
3.29688813631518e-08,3.9,3.29688813631518e-08,4,3.29688813631518e-08,-0.0499582824429454,3.29688813631518e-08,1.460380013096603,3.29688813631518e-08,4.68881363151798,3.29688813631518e-08,5.905596501461558e-05
3.298691942623002e-08,3.9,3.298691942623002e-08,4,3.298691942623002e-08,-0.04404177561715945,3.298691942623002e-08,1.178256594278012,3.298691942623002e-08,4.869194262300168,3.298691942623002e-08,6.08254829371261e-05
3.3e-08,3.9,3.3e-08,4,3.3e-08,-0.0355157078191784,3.3e-08,0.9978294931790576,3.3e-08,4.999999999999979,3.3e-08,5.818080642335559e-05
3.300838746323495e-08,3.9,3.300838746323495e-08,4,3.300838746323495e-08,-0.04020346496641351,3.300838746323495e-08,0.8813863905195413,3.300838746323495e-08,5,3.300838746323495e-08,5.945860180298829e-05
3.30185973889338e-08,3.9,3.30185973889338e-08,4,3.30185973889338e-08,-0.04032207869172109,3.30185973889338e-08,0.7448404220209656,3.30185973889338e-08,5,3.30185973889338e-08,5.935664239683379e-05
3.302808274436943e-08,3.9,3.302808274436943e-08,4,3.302808274436943e-08,-0.03779457180289873,3.302808274436943e-08,0.6355252818140747,3.302808274436943e-08,5,3.302808274436943e-08,5.895845624596284e-05
3.304551600782066e-08,3.9,3.304551600782066e-08,4,3.304551600782066e-08,-0.03235719987854452,3.304551600782066e-08,0.4758050907597725,3.304551600782066e-08,5,3.304551600782066e-08,5.848000826593771e-05
3.307209779526347e-08,3.9,3.307209779526347e-08,4,3.307209779526347e-08,-0.02452244552246006,3.307209779526347e-08,0.312010257910839,3.307209779526347e-08,5,3.307209779526347e-08,5.756167575597278e-05
3.310456319660455e-08,3.9,3.310456319660455e-08,4,3.310456319660455e-08,-0.01673561399601589,3.310456319660455e-08,0.1979836095948298,3.310456319660455e-08,5,3.310456319660455e-08,5.683544292007356e-05
3.313910771946242e-08,3.9,3.313910771946242e-08,4,3.313910771946242e-08,-0.01081818219111055,3.313910771946242e-08,0.1356162207096058,3.313910771946242e-08,5,3.313910771946242e-08,5.592325705293298e-05
3.317837199095222e-08,3.9,3.317837199095222e-08,4,3.317837199095222e-08,-0.006505901184203762,3.317837199095222e-08,0.1012967210398275,3.317837199095222e-08,5,3.317837199095222e-08,5.506961064390947e-05
3.322536287275402e-08,3.9,3.322536287275402e-08,4,3.322536287275402e-08,-0.003571990346023179,3.322536287275402e-08,0.08283856372194504,3.322536287275402e-08,5,3.322536287275402e-08,5.322107523926839e-05
3.328530363174732e-08,3.9,3.328530363174732e-08,4,3.328530363174732e-08,-0.001848472411714069,3.328530363174732e-08,0.06811790872801288,3.328530363174732e-08,5,3.328530363174732e-08,4.301923899810088e-05
3.334854741130211e-08,3.9,3.334854741130211e-08,4,3.334854741130211e-08,-0.001299195316566771,3.334854741130211e-08,0.04701938813207384,3.334854741130211e-08,5,3.334854741130211e-08,2.486467922625924e-05
3.341406858046936e-08,3.9,3.341406858046936e-08,4,3.341406858046936e-08,-0.0009832115122016937,3.341406858046936e-08,0.02582658818714629,3.341406858046936e-08,5,3.341406858046936e-08,1.386028894897907e-05
3.350378803207174e-08,3.9,3.350378803207174e-08,4,3.350378803207174e-08,-0.0005047871832028673,3.350378803207174e-08,0.01012365870588934,3.350378803207174e-08,5,3.350378803207174e-08,5.676663203167676e-06
3.35793506367717e-08,3.9,3.35793506367717e-08,4,3.35793506367717e-08,-0.0002480157034274829,3.35793506367717e-08,0.004844868120651828,3.35793506367717e-08,5,3.35793506367717e-08,2.905849930205451e-06
3.367786688484542e-08,3.9,3.367786688484542e-08,4,3.367786688484542e-08,-0.000100997947534978,3.367786688484542e-08,0.0016933272338597,3.367786688484542e-08,5,3.367786688484542e-08,7.579490195003856e-07
3.382791133859112e-08,3.9,3.382791133859112e-08,4,3.382791133859112e-08,-1.990645187161454e-05,3.382791133859112e-08,0.0002662179895849019,3.382791133859112e-08,5,3.382791133859112e-08,3.323901876172762e-07
3.40165730614441e-08,3.9,3.40165730614441e-08,4,3.40165730614441e-08,-1.946096160589892e-06,3.40165730614441e-08,-6.705753585103252e-07,3.40165730614441e-08,5,3.40165730614441e-08,-2.004656048877509e-07
3.432330522387976e-08,3.9,3.432330522387976e-08,4,3.432330522387976e-08,4.308320182363112e-07,3.432330522387976e-08,-7.605871764806114e-06,3.432330522387976e-08,5,3.432330522387976e-08,1.854406191290487e-07
3.4789411872569e-08,3.9,3.4789411872569e-08,4,3.4789411872569e-08,-1.178417636863956e-07,3.4789411872569e-08,5.303927790186813e-06,3.4789411872569e-08,5,3.4789411872569e-08,-1.769380118413353e-07
3.5509411872569e-08,3.9,3.5509411872569e-08,4,3.5509411872569e-08,2.097375987152542e-08,3.5509411872569e-08,-3.537635574181857e-06,3.5509411872569e-08,5,3.5509411872569e-08,1.760579202969428e-07
3.6e-08,3.9,3.6e-08,4,3.6e-08,3.631006281157154e-08,3.6e-08,8.578795305979146e-07,3.6e-08,5,3.6e-08,-1.717276177006486e-07
